0,107,570.6666666666666,35.666666666666664,3.5666666666666664
1,306,1632.0,102.0,10.2
2,337,1797.3333333333333,112.33333333333333,11.233333333333333
3,474,2528.0,158.0,15.8
4,496,2645.3333333333335,165.33333333333334,16.53333333333333
5,507,2704.0,169.0,16.900000000000002
6,518,2762.6666666666665,172.66666666666666,17.266666666666666
7,529,2821.3333333333335,176.33333333333334,17.633333333333333
8,604,3221.3333333333335,201.33333333333334,20.133333333333333
9,697,3717.3333333333335,232.33333333333334,23.233333333333334
10,754,4021.3333333333335,251.33333333333334,25.133333333333336
11,781,4165.333333333334,260.33333333333337,26.033333333333335
12,783,4176.0,261.0,26.1
13,807,4304.0,269.0,26.900000000000002
14,818,4362.666666666667,272.6666666666667,27.266666666666666
15,837,4464.0,279.0,27.900000000000002
16,851,4538.666666666667,283.6666666666667,28.366666666666667
17,864,4608.0,288.0,28.799999999999997
18,892,4757.333333333333,297.3333333333333,29.733333333333334
19,896,4778.666666666667,298.6666666666667,29.86666666666667
20,896,4778.666666666667,298.6666666666667,29.86666666666667
21,898,4789.333333333333,299.3333333333333,29.933333333333334
22,901,4805.333333333333,300.3333333333333,30.033333333333335
23,903,4816.0,301.0,30.099999999999998
24,911,4858.666666666666,303.66666666666663,30.366666666666664
25,921,4912.0,307.0,30.7
26,930,4960.0,310.0,31.0
27,937,4997.333333333334,312.33333333333337,31.233333333333334
28,943,5029.333333333334,314.33333333333337,31.433333333333337
29,969,5168.0,323.0,32.300000000000004
30,974,5194.666666666667,324.6666666666667,32.46666666666667
31,978,5216.0,326.0,32.6
32,984,5248.0,328.0,32.800000000000004
33,984,5248.0,328.0,32.800000000000004
34,998,5322.666666666667,332.6666666666667,33.266666666666666
35,1000,5333.333333333333,333.3333333333333,33.33333333333333
36,1004,5354.666666666667,334.6666666666667,33.46666666666667
37,1006,5365.333333333333,335.3333333333333,33.53333333333333
38,1010,5386.666666666667,336.6666666666667,33.666666666666664
39,1021,5445.333333333333,340.3333333333333,34.03333333333333
40,1040,5546.666666666667,346.6666666666667,34.66666666666667
41,1064,5674.666666666667,354.6666666666667,35.46666666666667
42,1067,5690.666666666667,355.6666666666667,35.56666666666667
43,1069,5701.333333333333,356.3333333333333,35.63333333333333
44,1075,5733.333333333333,358.3333333333333,35.833333333333336
45,1131,6032.0,377.0,37.7
46,1133,6042.666666666666,377.66666666666663,37.766666666666666
47,1140,6080.0,380.0,38.0
48,1142,6090.666666666666,380.66666666666663,38.06666666666666
49,1148,6122.666666666666,382.66666666666663,38.266666666666666
50,1159,6181.333333333333,386.3333333333333,38.63333333333333
51,1163,6202.666666666667,387.6666666666667,38.766666666666666
52,1181,6298.666666666667,393.6666666666667,39.36666666666667
53,1188,6336.0,396.0,39.6
54,1192,6357.333333333333,397.3333333333333,39.733333333333334
55,1205,6426.666666666667,401.6666666666667,40.166666666666664
56,1208,6442.666666666667,402.6666666666667,40.266666666666666
57,1218,6496.0,406.0,40.6
58,1219,6501.333333333333,406.3333333333333,40.63333333333333
59,1236,6592.0,412.0,41.199999999999996
60,1248,6656.0,416.0,41.6
61,1252,6677.333333333333,417.3333333333333,41.733333333333334
62,1263,6736.0,421.0,42.1
63,1286,6858.666666666666,428.66666666666663,42.86666666666667
64,1302,6944.0,434.0,43.4
65,1302,6944.0,434.0,43.4
66,1303,6949.333333333334,434.33333333333337,43.43333333333334
67,1305,6960.0,435.0,43.5
68,1308,6976.0,436.0,43.6
69,1308,6976.0,436.0,43.6
70,1321,7045.333333333334,440.33333333333337,44.03333333333334
71,1330,7093.333333333334,443.33333333333337,44.333333333333336
72,1340,7146.666666666666,446.66666666666663,44.666666666666664
73,1341,7152.0,447.0,44.7
74,1346,7178.666666666667,448.6666666666667,44.86666666666667
75,1346,7178.666666666667,448.6666666666667,44.86666666666667
76,1352,7210.666666666667,450.6666666666667,45.06666666666666
77,1361,7258.666666666667,453.6666666666667,45.36666666666667
78,1370,7306.666666666667,456.6666666666667,45.666666666666664
79,1376,7338.666666666667,458.6666666666667,45.86666666666667
80,1381,7365.333333333333,460.3333333333333,46.03333333333333
81,1391,7418.666666666667,463.6666666666667,46.36666666666667
82,1393,7429.333333333333,464.3333333333333,46.43333333333333
83,1394,7434.666666666667,464.6666666666667,46.46666666666667
84,1394,7434.666666666667,464.6666666666667,46.46666666666667
85,1402,7477.333333333333,467.3333333333333,46.733333333333334
86,1412,7530.666666666667,470.6666666666667,47.06666666666667
87,1423,7589.333333333333,474.3333333333333,47.43333333333333
88,1428,7616.0,476.0,47.599999999999994
89,1441,7685.333333333333,480.3333333333333,48.03333333333333
90,1451,7738.666666666667,483.6666666666667,48.36666666666667
91,1453,7749.333333333333,484.3333333333333,48.43333333333334
92,1463,7802.666666666667,487.6666666666667,48.766666666666666
93,1474,7861.333333333334,491.33333333333337,49.13333333333333
94,1476,7872.0,492.0,49.2
95,1476,7872.0,492.0,49.2
96,1479,7888.0,493.0,49.3
97,1481,7898.666666666666,493.66666666666663,49.36666666666667
98,1486,7925.333333333334,495.33333333333337,49.53333333333333
99,1504,8021.333333333333,501.3333333333333,50.13333333333333
100,1507,8037.333333333333,502.3333333333333,50.23333333333333
101,1528,8149.333333333333,509.3333333333333,50.93333333333333
102,1529,8154.666666666667,509.6666666666667,50.96666666666667
103,1531,8165.333333333333,510.3333333333333,51.03333333333333
104,1531,8165.333333333333,510.3333333333333,51.03333333333333
105,1534,8181.333333333333,511.3333333333333,51.13333333333333
106,1541,8218.666666666668,513.6666666666667,51.366666666666674
107,1545,8240.0,515.0,51.5
108,1548,8256.0,516.0,51.6
109,1552,8277.333333333332,517.3333333333333,51.733333333333334
110,1559,8314.666666666668,519.6666666666667,51.96666666666667
111,1561,8325.333333333332,520.3333333333333,52.03333333333333
112,1565,8346.666666666666,521.6666666666666,52.166666666666664
113,1566,8352.0,522.0,52.2
114,1567,8357.333333333334,522.3333333333334,52.233333333333334
115,1570,8373.333333333334,523.3333333333334,52.33333333333333
116,1595,8506.666666666666,531.6666666666666,53.166666666666664
117,1598,8522.666666666666,532.6666666666666,53.266666666666666
118,1604,8554.666666666666,534.6666666666666,53.46666666666666
119,1617,8624.0,539.0,53.900000000000006
120,1617,8624.0,539.0,53.900000000000006
121,1620,8640.0,540.0,54.0
122,1630,8693.333333333334,543.3333333333334,54.333333333333336
123,1632,8704.0,544.0,54.400000000000006
124,1635,8720.0,545.0,54.50000000000001
125,1645,8773.333333333334,548.3333333333334,54.833333333333336
126,1659,8848.0,553.0,55.300000000000004
127,1675,8933.333333333334,558.3333333333334,55.833333333333336
128,1681,8965.333333333334,560.3333333333334,56.03333333333333
129,1688,9002.666666666666,562.6666666666666,56.266666666666666
130,1705,9093.333333333334,568.3333333333334,56.833333333333336
131,1707,9104.0,569.0,56.89999999999999
132,1729,9221.333333333334,576.3333333333334,57.63333333333334
133,1732,9237.333333333334,577.3333333333334,57.733333333333334
134,1736,9258.666666666666,578.6666666666666,57.86666666666667
135,1741,9285.333333333334,580.3333333333334,58.03333333333334
136,1751,9338.666666666666,583.6666666666666,58.36666666666667
137,1759,9381.333333333334,586.3333333333334,58.63333333333334
138,1761,9392.0,587.0,58.699999999999996
139,1763,9402.666666666666,587.6666666666666,58.766666666666666
140,1765,9413.333333333334,588.3333333333334,58.833333333333336
141,1766,9418.666666666666,588.6666666666666,58.86666666666667
142,1777,9477.333333333334,592.3333333333334,59.233333333333334
143,1777,9477.333333333334,592.3333333333334,59.233333333333334
144,1782,9504.0,594.0,59.4
145,1789,9541.333333333334,596.3333333333334,59.63333333333334
146,1795,9573.333333333334,598.3333333333334,59.833333333333336
147,1796,9578.666666666666,598.6666666666666,59.86666666666667
148,1802,9610.666666666666,600.6666666666666,60.06666666666667
149,1803,9616.0,601.0,60.099999999999994
150,1809,9648.0,603.0,60.3
151,1811,9658.666666666666,603.6666666666666,60.36666666666667
152,1819,9701.333333333332,606.3333333333333,60.633333333333326
153,1827,9744.0,609.0,60.9
154,1830,9760.0,610.0,61.0
155,1831,9765.333333333332,610.3333333333333,61.03333333333333
156,1845,9840.0,615.0,61.5
157,1861,9925.333333333332,620.3333333333333,62.03333333333333
158,1869,9968.0,623.0,62.3
159,1872,9984.0,624.0,62.4
160,1873,9989.333333333332,624.3333333333333,62.43333333333333
161,1873,9989.333333333332,624.3333333333333,62.43333333333333
162,1875,10000.0,625.0,62.5
163,1878,10016.0,626.0,62.6
164,1885,10053.333333333332,628.3333333333333,62.83333333333333
165,1892,10090.666666666668,630.6666666666667,63.06666666666667
166,1894,10101.333333333332,631.3333333333333,63.13333333333333
167,1895,10106.666666666668,631.6666666666667,63.16666666666667
168,1901,10138.666666666668,633.6666666666667,63.366666666666674
169,1906,10165.333333333332,635.3333333333333,63.53333333333333
170,1906,10165.333333333332,635.3333333333333,63.53333333333333
171,1911,10192.0,637.0,63.7
172,1914,10208.0,638.0,63.800000000000004
173,1917,10224.0,639.0,63.9
174,1925,10266.666666666668,641.6666666666667,64.16666666666667
175,1927,10277.333333333332,642.3333333333333,64.23333333333333
176,1937,10330.666666666668,645.6666666666667,64.56666666666668
177,1939,10341.333333333334,646.3333333333334,64.63333333333333
178,1944,10368.0,648.0,64.8
179,1946,10378.666666666666,648.6666666666666,64.86666666666666
180,1952,10410.666666666666,650.6666666666666,65.06666666666666
181,1957,10437.333333333334,652.3333333333334,65.23333333333333
182,1966,10485.333333333334,655.3333333333334,65.53333333333333
183,1967,10490.666666666666,655.6666666666666,65.56666666666666
184,1968,10496.0,656.0,65.60000000000001
185,1968,10496.0,656.0,65.60000000000001
186,1972,10517.333333333334,657.3333333333334,65.73333333333333
187,1975,10533.333333333334,658.3333333333334,65.83333333333333
188,1975,10533.333333333334,658.3333333333334,65.83333333333333
189,1978,10549.333333333334,659.3333333333334,65.93333333333334
190,1984,10581.333333333334,661.3333333333334,66.13333333333333
191,1992,10624.0,664.0,66.4
192,1995,10640.0,665.0,66.5
193,2002,10677.333333333334,667.3333333333334,66.73333333333333
194,2007,10704.0,669.0,66.9
195,2007,10704.0,669.0,66.9
196,2008,10709.333333333334,669.3333333333334,66.93333333333334
197,2009,10714.666666666666,669.6666666666666,66.96666666666667
198,2009,10714.666666666666,669.6666666666666,66.96666666666667
199,2013,10736.0,671.0,67.10000000000001
200,2014,10741.333333333334,671.3333333333334,67.13333333333334
201,2015,10746.666666666666,671.6666666666666,67.16666666666666
202,2015,10746.666666666666,671.6666666666666,67.16666666666666
203,2020,10773.333333333334,673.3333333333334,67.33333333333333
204,2030,10826.666666666666,676.6666666666666,67.66666666666666
205,2033,10842.666666666666,677.6666666666666,67.76666666666667
206,2034,10848.0,678.0,67.80000000000001
207,2038,10869.333333333334,679.3333333333334,67.93333333333334
208,2042,10890.666666666666,680.6666666666666,68.06666666666666
209,2050,10933.333333333334,683.3333333333334,68.33333333333333
210,2057,10970.666666666666,685.6666666666666,68.56666666666666
211,2057,10970.666666666666,685.6666666666666,68.56666666666666
212,2058,10976.0,686.0,68.60000000000001
213,2070,11040.0,690.0,69.0
214,2072,11050.666666666666,690.6666666666666,69.06666666666666
215,2074,11061.333333333334,691.3333333333334,69.13333333333334
216,2076,11072.0,692.0,69.19999999999999
217,2078,11082.666666666666,692.6666666666666,69.26666666666667
218,2079,11088.0,693.0,69.3
219,2086,11125.333333333334,695.3333333333334,69.53333333333333
220,2088,11136.0,696.0,69.6
221,2089,11141.333333333334,696.3333333333334,69.63333333333334
222,2096,11178.666666666666,698.6666666666666,69.86666666666666
223,2100,11200.0,700.0,70.0
224,2100,11200.0,700.0,70.0
225,2110,11253.333333333334,703.3333333333334,70.33333333333334
226,2111,11258.666666666666,703.6666666666666,70.36666666666666
227,2114,11274.666666666666,704.6666666666666,70.46666666666667
228,2118,11296.0,706.0,70.6
229,2119,11301.333333333334,706.3333333333334,70.63333333333334
230,2124,11328.0,708.0,70.8
231,2132,11370.666666666666,710.6666666666666,71.06666666666666
232,2133,11376.0,711.0,71.1
233,2133,11376.0,711.0,71.1
234,2137,11397.333333333334,712.3333333333334,71.23333333333333
235,2137,11397.333333333334,712.3333333333334,71.23333333333333
236,2139,11408.0,713.0,71.3
237,2145,11440.0,715.0,71.5
238,2149,11461.333333333334,716.3333333333334,71.63333333333334
239,2164,11541.333333333334,721.3333333333334,72.13333333333334
240,2167,11557.333333333334,722.3333333333334,72.23333333333333
241,2170,11573.333333333334,723.3333333333334,72.33333333333334
242,2171,11578.666666666666,723.6666666666666,72.36666666666667
243,2171,11578.666666666666,723.6666666666666,72.36666666666667
244,2174,11594.666666666666,724.6666666666666,72.46666666666667
245,2175,11600.0,725.0,72.5
246,2184,11648.0,728.0,72.8
247,2190,11680.0,730.0,73.0
248,2192,11690.666666666668,730.6666666666667,73.06666666666666
249,2196,11712.0,732.0,73.2
250,2197,11717.333333333332,732.3333333333333,73.23333333333333
251,2202,11744.0,734.0,73.4
252,2203,11749.333333333332,734.3333333333333,73.43333333333332
253,2208,11776.0,736.0,73.6
254,2208,11776.0,736.0,73.6
255,2220,11840.0,740.0,74.0
256,2221,11845.333333333332,740.3333333333333,74.03333333333333
257,2229,11888.0,743.0,74.3
258,2230,11893.333333333332,743.3333333333333,74.33333333333333
259,2233,11909.333333333332,744.3333333333333,74.43333333333332
260,2240,11946.666666666668,746.6666666666667,74.66666666666667
261,2240,11946.666666666668,746.6666666666667,74.66666666666667
262,2243,11962.666666666668,747.6666666666667,74.76666666666667
263,2245,11973.333333333332,748.3333333333333,74.83333333333333
264,2248,11989.333333333332,749.3333333333333,74.93333333333332
265,2248,11989.333333333332,749.3333333333333,74.93333333333332
266,2250,12000.0,750.0,75.0
267,2269,12101.333333333332,756.3333333333333,75.63333333333333
268,2271,12112.0,757.0,75.7
269,2282,12170.666666666668,760.6666666666667,76.06666666666668
270,2283,12176.0,761.0,76.1
271,2287,12197.333333333332,762.3333333333333,76.23333333333333
272,2294,12234.666666666668,764.6666666666667,76.46666666666667
273,2295,12240.0,765.0,76.5
274,2299,12261.333333333332,766.3333333333333,76.63333333333333
275,2299,12261.333333333332,766.3333333333333,76.63333333333333
276,2300,12266.666666666668,766.6666666666667,76.66666666666667
277,2300,12266.666666666668,766.6666666666667,76.66666666666667
278,2301,12272.0,767.0,76.7
279,2301,12272.0,767.0,76.7
280,2306,12298.666666666668,768.6666666666667,76.86666666666667
281,2310,12320.0,770.0,77.0
282,2312,12330.666666666668,770.6666666666667,77.06666666666668
283,2316,12352.0,772.0,77.2
284,2319,12368.0,773.0,77.3
285,2324,12394.666666666666,774.6666666666666,77.46666666666667
286,2335,12453.333333333334,778.3333333333334,77.83333333333333
287,2337,12464.0,779.0,77.9
288,2337,12464.0,779.0,77.9
289,2339,12474.666666666666,779.6666666666666,77.96666666666667
290,2341,12485.333333333334,780.3333333333334,78.03333333333333
291,2344,12501.333333333334,781.3333333333334,78.13333333333333
292,2353,12549.333333333334,784.3333333333334,78.43333333333334
293,2357,12570.666666666666,785.6666666666666,78.56666666666666
294,2358,12576.0,786.0,78.60000000000001
295,2358,12576.0,786.0,78.60000000000001
296,2362,12597.333333333334,787.3333333333334,78.73333333333333
297,2362,12597.333333333334,787.3333333333334,78.73333333333333
298,2365,12613.333333333334,788.3333333333334,78.83333333333333
299,2371,12645.333333333334,790.3333333333334,79.03333333333333
300,2378,12682.666666666666,792.6666666666666,79.26666666666667
301,2380,12693.333333333334,793.3333333333334,79.33333333333333
302,2381,12698.666666666666,793.6666666666666,79.36666666666666
303,2382,12704.0,794.0,79.4
304,2385,12720.0,795.0,79.5
305,2385,12720.0,795.0,79.5
306,2389,12741.333333333334,796.3333333333334,79.63333333333334
307,2396,12778.666666666666,798.6666666666666,79.86666666666666
308,2400,12800.0,800.0,80.0
309,2401,12805.333333333334,800.3333333333334,80.03333333333333
310,2403,12816.0,801.0,80.10000000000001
311,2404,12821.333333333334,801.3333333333334,80.13333333333334
312,2407,12837.333333333334,802.3333333333334,80.23333333333333
313,2411,12858.666666666666,803.6666666666666,80.36666666666666
314,2418,12896.0,806.0,80.60000000000001
315,2422,12917.333333333334,807.3333333333334,80.73333333333333
316,2424,12928.0,808.0,80.80000000000001
317,2431,12965.333333333334,810.3333333333334,81.03333333333333
318,2432,12970.666666666666,810.6666666666666,81.06666666666666
319,2432,12970.666666666666,810.6666666666666,81.06666666666666
320,2438,13002.666666666666,812.6666666666666,81.26666666666667
321,2440,13013.333333333334,813.3333333333334,81.33333333333333
322,2444,13034.666666666666,814.6666666666666,81.46666666666667
323,2447,13050.666666666666,815.6666666666666,81.56666666666666
324,2448,13056.0,816.0,81.6
325,2451,13072.0,817.0,81.69999999999999
326,2451,13072.0,817.0,81.69999999999999
327,2458,13109.333333333334,819.3333333333334,81.93333333333334
328,2464,13141.333333333334,821.3333333333334,82.13333333333334
329,2464,13141.333333333334,821.3333333333334,82.13333333333334
330,2469,13168.0,823.0,82.3
331,2472,13184.0,824.0,82.39999999999999
332,2473,13189.333333333334,824.3333333333334,82.43333333333334
333,2474,13194.666666666666,824.6666666666666,82.46666666666667
334,2479,13221.333333333334,826.3333333333334,82.63333333333334
335,2480,13226.666666666666,826.6666666666666,82.66666666666667
336,2483,13242.666666666666,827.6666666666666,82.76666666666667
337,2487,13264.0,829.0,82.89999999999999
338,2487,13264.0,829.0,82.89999999999999
339,2489,13274.666666666666,829.6666666666666,82.96666666666667
340,2492,13290.666666666666,830.6666666666666,83.06666666666666
341,2492,13290.666666666666,830.6666666666666,83.06666666666666
342,2493,13296.0,831.0,83.1
343,2494,13301.333333333334,831.3333333333334,83.13333333333334
344,2500,13333.333333333334,833.3333333333334,83.33333333333334
345,2501,13338.666666666666,833.6666666666666,83.36666666666666
346,2501,13338.666666666666,833.6666666666666,83.36666666666666
347,2503,13349.333333333334,834.3333333333334,83.43333333333334
348,2506,13365.333333333334,835.3333333333334,83.53333333333333
349,2521,13445.333333333334,840.3333333333334,84.03333333333333
350,2521,13445.333333333334,840.3333333333334,84.03333333333333
351,2527,13477.333333333334,842.3333333333334,84.23333333333333
352,2531,13498.666666666666,843.6666666666666,84.36666666666667
353,2533,13509.333333333334,844.3333333333334,84.43333333333334
354,2533,13509.333333333334,844.3333333333334,84.43333333333334
355,2534,13514.666666666666,844.6666666666666,84.46666666666667
356,2536,13525.333333333334,845.3333333333334,84.53333333333333
357,2540,13546.666666666666,846.6666666666666,84.66666666666667
358,2545,13573.333333333334,848.3333333333334,84.83333333333334
359,2553,13616.0,851.0,85.1
360,2555,13626.666666666666,851.6666666666666,85.16666666666667
361,2560,13653.333333333334,853.3333333333334,85.33333333333334
362,2560,13653.333333333334,853.3333333333334,85.33333333333334
363,2564,13674.666666666668,854.6666666666667,85.46666666666667
364,2567,13690.666666666668,855.6666666666667,85.56666666666666
365,2581,13765.333333333332,860.3333333333333,86.03333333333333
366,2583,13776.0,861.0,86.1
367,2583,13776.0,861.0,86.1
368,2586,13792.0,862.0,86.2
369,2597,13850.666666666668,865.6666666666667,86.56666666666666
370,2599,13861.333333333332,866.3333333333333,86.63333333333333
371,2610,13920.0,870.0,87.0
372,2611,13925.333333333332,870.3333333333333,87.03333333333333
373,2613,13936.0,871.0,87.1
374,2618,13962.666666666668,872.6666666666667,87.26666666666667
375,2628,14016.0,876.0,87.6
376,2637,14064.0,879.0,87.9
377,2646,14112.0,882.0,88.2
378,2649,14128.0,883.0,88.3
379,2650,14133.333333333332,883.3333333333333,88.33333333333333
380,2652,14144.0,884.0,88.4
381,2653,14149.333333333332,884.3333333333333,88.43333333333334
382,2653,14149.333333333332,884.3333333333333,88.43333333333334
383,2654,14154.666666666668,884.6666666666667,88.46666666666667
384,2655,14160.0,885.0,88.5
385,2662,14197.333333333332,887.3333333333333,88.73333333333333
386,2663,14202.666666666668,887.6666666666667,88.76666666666667
387,2668,14229.333333333332,889.3333333333333,88.93333333333334
388,2672,14250.666666666668,890.6666666666667,89.06666666666668
389,2675,14266.666666666668,891.6666666666667,89.16666666666667
390,2675,14266.666666666668,891.6666666666667,89.16666666666667
391,2679,14288.0,893.0,89.3
392,2680,14293.333333333332,893.3333333333333,89.33333333333333
393,2681,14298.666666666668,893.6666666666667,89.36666666666667
394,2682,14304.0,894.0,89.4
395,2686,14325.333333333332,895.3333333333333,89.53333333333333
396,2687,14330.666666666668,895.6666666666667,89.56666666666668
397,2688,14336.0,896.0,89.60000000000001
398,2691,14352.0,897.0,89.7
399,2693,14362.666666666666,897.6666666666666,89.76666666666667
400,2696,14378.666666666666,898.6666666666666,89.86666666666666
401,2701,14405.333333333334,900.3333333333334,90.03333333333333
402,2703,14416.0,901.0,90.10000000000001
403,2705,14426.666666666666,901.6666666666666,90.16666666666666
404,2706,14432.0,902.0,90.2
405,2711,14458.666666666666,903.6666666666666,90.36666666666666
406,2719,14501.333333333334,906.3333333333334,90.63333333333333
407,2720,14506.666666666666,906.6666666666666,90.66666666666666
408,2722,14517.333333333334,907.3333333333334,90.73333333333333
409,2724,14528.0,908.0,90.8
410,2726,14538.666666666666,908.6666666666666,90.86666666666666
411,2736,14592.0,912.0,91.2
412,2738,14602.666666666666,912.6666666666666,91.26666666666667
413,2744,14634.666666666666,914.6666666666666,91.46666666666667
414,2749,14661.333333333334,916.3333333333334,91.63333333333334
415,2751,14672.0,917.0,91.7
416,2755,14693.333333333334,918.3333333333334,91.83333333333333
417,2759,14714.666666666666,919.6666666666666,91.96666666666667
418,2776,14805.333333333334,925.3333333333334,92.53333333333333
419,2776,14805.333333333334,925.3333333333334,92.53333333333333
420,2778,14816.0,926.0,92.60000000000001
421,2779,14821.333333333334,926.3333333333334,92.63333333333334
422,2779,14821.333333333334,926.3333333333334,92.63333333333334
423,2782,14837.333333333334,927.3333333333334,92.73333333333333
424,2784,14848.0,928.0,92.80000000000001
425,2787,14864.0,929.0,92.9
426,2791,14885.333333333334,930.3333333333334,93.03333333333333
427,2792,14890.666666666666,930.6666666666666,93.06666666666666
428,2796,14912.0,932.0,93.2
429,2805,14960.0,935.0,93.5
430,2806,14965.333333333334,935.3333333333334,93.53333333333333
431,2811,14992.0,937.0,93.7
432,2816,15018.666666666666,938.6666666666666,93.86666666666666
433,2819,15034.666666666666,939.6666666666666,93.96666666666667
434,2824,15061.333333333334,941.3333333333334,94.13333333333334
435,2827,15077.333333333334,942.3333333333334,94.23333333333333
436,2828,15082.666666666666,942.6666666666666,94.26666666666667
437,2828,15082.666666666666,942.6666666666666,94.26666666666667
438,2829,15088.0,943.0,94.3
439,2831,15098.666666666666,943.6666666666666,94.36666666666666
440,2834,15114.666666666666,944.6666666666666,94.46666666666667
441,2835,15120.0,945.0,94.5
442,2847,15184.0,949.0,94.89999999999999
443,2851,15205.333333333334,950.3333333333334,95.03333333333333
444,2853,15216.0,951.0,95.1
445,2856,15232.0,952.0,95.19999999999999
446,2862,15264.0,954.0,95.39999999999999
447,2863,15269.333333333334,954.3333333333334,95.43333333333334
448,2863,15269.333333333334,954.3333333333334,95.43333333333334
449,2866,15285.333333333334,955.3333333333334,95.53333333333333
450,2867,15290.666666666666,955.6666666666666,95.56666666666666
451,2867,15290.666666666666,955.6666666666666,95.56666666666666
452,2868,15296.0,956.0,95.6
453,2871,15312.0,957.0,95.7
454,2875,15333.333333333334,958.3333333333334,95.83333333333334
455,2877,15344.0,959.0,95.89999999999999
456,2885,15386.666666666666,961.6666666666666,96.16666666666667
457,2892,15424.0,964.0,96.39999999999999
458,2892,15424.0,964.0,96.39999999999999
459,2894,15434.666666666666,964.6666666666666,96.46666666666667
460,2905,15493.333333333334,968.3333333333334,96.83333333333334
461,2905,15493.333333333334,968.3333333333334,96.83333333333334
462,2906,15498.666666666666,968.6666666666666,96.86666666666667
463,2908,15509.333333333334,969.3333333333334,96.93333333333334
464,2908,15509.333333333334,969.3333333333334,96.93333333333334
465,2909,15514.666666666666,969.6666666666666,96.96666666666667
466,2912,15530.666666666666,970.6666666666666,97.06666666666666
467,2912,15530.666666666666,970.6666666666666,97.06666666666666
468,2912,15530.666666666666,970.6666666666666,97.06666666666666
469,2915,15546.666666666666,971.6666666666666,97.16666666666667
470,2923,15589.333333333334,974.3333333333334,97.43333333333334
471,2924,15594.666666666666,974.6666666666666,97.46666666666667
472,2927,15610.666666666666,975.6666666666666,97.56666666666666
473,2929,15621.333333333334,976.3333333333334,97.63333333333334
474,2940,15680.0,980.0,98.0
475,2950,15733.333333333332,983.3333333333333,98.33333333333333
476,2956,15765.333333333332,985.3333333333333,98.53333333333333
477,2961,15792.0,987.0,98.7
478,2963,15802.666666666668,987.6666666666667,98.76666666666667
479,2969,15834.666666666668,989.6666666666667,98.96666666666667
480,2971,15845.333333333332,990.3333333333333,99.03333333333333
481,2977,15877.333333333332,992.3333333333333,99.23333333333333
482,2978,15882.666666666668,992.6666666666667,99.26666666666667
483,2981,15898.666666666668,993.6666666666667,99.36666666666667
484,2983,15909.333333333332,994.3333333333333,99.43333333333332
485,2985,15920.0,995.0,99.5
486,2986,15925.333333333332,995.3333333333333,99.53333333333333
487,2987,15930.666666666668,995.6666666666667,99.56666666666666
488,2987,15930.666666666668,995.6666666666667,99.56666666666666
489,2988,15936.0,996.0,99.6
490,2989,15941.333333333332,996.3333333333333,99.63333333333333
491,2989,15941.333333333332,996.3333333333333,99.63333333333333
492,2990,15946.666666666668,996.6666666666667,99.66666666666667
493,2993,15962.666666666668,997.6666666666667,99.76666666666667
494,3002,16010.666666666666,1000.6666666666666,100.06666666666666
495,3005,16026.666666666668,1001.6666666666667,100.16666666666667
496,3011,16058.666666666668,1003.6666666666667,100.36666666666667
497,3012,16064.0,1004.0,100.4
498,3017,16090.666666666668,1005.6666666666667,100.56666666666668
499,3017,16090.666666666668,1005.6666666666667,100.56666666666668
500,3021,16111.999999999998,1006.9999999999999,100.69999999999999
501,3021,16111.999999999998,1006.9999999999999,100.69999999999999
502,3024,16128.0,1008.0,100.8
503,3026,16138.666666666666,1008.6666666666666,100.86666666666666
504,3026,16138.666666666666,1008.6666666666666,100.86666666666666
505,3027,16143.999999999998,1008.9999999999999,100.89999999999999
506,3031,16165.333333333332,1010.3333333333333,101.03333333333333
507,3032,16170.666666666666,1010.6666666666666,101.06666666666666
508,3032,16170.666666666666,1010.6666666666666,101.06666666666666
509,3033,16175.999999999998,1010.9999999999999,101.1
510,3039,16207.999999999998,1012.9999999999999,101.29999999999998
511,3040,16213.333333333334,1013.3333333333334,101.33333333333334
512,3051,16271.999999999998,1016.9999999999999,101.69999999999999
513,3052,16277.333333333334,1017.3333333333334,101.73333333333335
514,3064,16341.333333333334,1021.3333333333334,102.13333333333334
515,3065,16346.666666666668,1021.6666666666667,102.16666666666667
516,3066,16352.0,1022.0,102.2
517,3073,16389.333333333332,1024.3333333333333,102.43333333333334
518,3078,16416.0,1026.0,102.60000000000001
519,3080,16426.666666666664,1026.6666666666665,102.66666666666666
520,3080,16426.666666666664,1026.6666666666665,102.66666666666666
521,3096,16512.0,1032.0,103.2
522,3100,16533.333333333336,1033.3333333333335,103.33333333333334
523,3103,16549.333333333332,1034.3333333333333,103.43333333333334
524,3106,16565.333333333336,1035.3333333333335,103.53333333333335
525,3109,16581.333333333332,1036.3333333333333,103.63333333333333
526,3114,16608.0,1038.0,103.8
527,3114,16608.0,1038.0,103.8
528,3114,16608.0,1038.0,103.8
529,3115,16613.333333333332,1038.3333333333333,103.83333333333333
530,3118,16629.333333333336,1039.3333333333335,103.93333333333334
531,3120,16640.0,1040.0,104.0
532,3124,16661.333333333336,1041.3333333333335,104.13333333333334
533,3129,16688.0,1043.0,104.3
534,3130,16693.333333333332,1043.3333333333333,104.33333333333333
535,3131,16698.666666666668,1043.6666666666667,104.36666666666667
536,3134,16714.666666666668,1044.6666666666667,104.46666666666667
537,3139,16741.333333333332,1046.3333333333333,104.63333333333334
538,3142,16757.333333333332,1047.3333333333333,104.73333333333332
539,3144,16768.0,1048.0,104.80000000000001
540,3146,16778.666666666668,1048.6666666666667,104.86666666666666
541,3163,16869.333333333332,1054.3333333333333,105.43333333333334
542,3168,16896.0,1056.0,105.60000000000001
543,3169,16901.333333333332,1056.3333333333333,105.63333333333334
544,3171,16912.0,1057.0,105.69999999999999
545,3171,16912.0,1057.0,105.69999999999999
546,3178,16949.333333333332,1059.3333333333333,105.93333333333332
547,3178,16949.333333333332,1059.3333333333333,105.93333333333332
548,3179,16954.666666666668,1059.6666666666667,105.96666666666667
549,3185,16986.666666666668,1061.6666666666667,106.16666666666667
550,3185,16986.666666666668,1061.6666666666667,106.16666666666667
551,3185,16986.666666666668,1061.6666666666667,106.16666666666667
552,3190,17013.333333333332,1063.3333333333333,106.33333333333333
553,3191,17018.666666666668,1063.6666666666667,106.36666666666667
554,3193,17029.333333333332,1064.3333333333333,106.43333333333334
555,3196,17045.333333333332,1065.3333333333333,106.53333333333333
556,3204,17088.0,1068.0,106.80000000000001
557,3211,17125.333333333332,1070.3333333333333,107.03333333333333
558,3217,17157.333333333332,1072.3333333333333,107.23333333333333
559,3232,17237.333333333332,1077.3333333333333,107.73333333333332
560,3233,17242.666666666668,1077.6666666666667,107.76666666666668
561,3234,17248.0,1078.0,107.80000000000001
562,3236,17258.666666666668,1078.6666666666667,107.86666666666666
563,3238,17269.333333333332,1079.3333333333333,107.93333333333332
564,3240,17280.0,1080.0,108.0
565,3242,17290.666666666668,1080.6666666666667,108.06666666666666
566,3244,17301.333333333332,1081.3333333333333,108.13333333333333
567,3244,17301.333333333332,1081.3333333333333,108.13333333333333
568,3246,17312.0,1082.0,108.2
569,3248,17322.666666666668,1082.6666666666667,108.26666666666667
570,3250,17333.333333333332,1083.3333333333333,108.33333333333333
571,3252,17344.0,1084.0,108.4
572,3252,17344.0,1084.0,108.4
573,3257,17370.666666666664,1085.6666666666665,108.56666666666666
574,3260,17386.666666666668,1086.6666666666667,108.66666666666667
575,3261,17392.0,1087.0,108.7
576,3263,17402.666666666664,1087.6666666666665,108.76666666666665
577,3264,17408.0,1088.0,108.80000000000001
578,3266,17418.666666666668,1088.6666666666667,108.86666666666667
579,3266,17418.666666666668,1088.6666666666667,108.86666666666667
580,3267,17424.0,1089.0,108.89999999999999
581,3269,17434.666666666664,1089.6666666666665,108.96666666666665
582,3272,17450.666666666668,1090.6666666666667,109.06666666666666
583,3272,17450.666666666668,1090.6666666666667,109.06666666666666
584,3284,17514.666666666668,1094.6666666666667,109.46666666666667
585,3288,17536.0,1096.0,109.60000000000001
586,3289,17541.333333333336,1096.3333333333335,109.63333333333334
587,3296,17578.666666666668,1098.6666666666667,109.86666666666667
588,3297,17584.0,1099.0,109.89999999999999
589,3297,17584.0,1099.0,109.89999999999999
590,3299,17594.666666666664,1099.6666666666665,109.96666666666665
591,3299,17594.666666666664,1099.6666666666665,109.96666666666665
592,3300,17600.0,1100.0,110.00000000000001
593,3305,17626.666666666664,1101.6666666666665,110.16666666666666
594,3308,17642.666666666668,1102.6666666666667,110.26666666666667
595,3308,17642.666666666668,1102.6666666666667,110.26666666666667
596,3310,17653.333333333332,1103.3333333333333,110.33333333333333
597,3311,17658.666666666664,1103.6666666666665,110.36666666666666
598,3312,17664.0,1104.0,110.4
599,3314,17674.666666666668,1104.6666666666667,110.46666666666667
600,3314,17674.666666666668,1104.6666666666667,110.46666666666667
601,3323,17722.666666666664,1107.6666666666665,110.76666666666665
602,3326,17738.666666666668,1108.6666666666667,110.86666666666667
603,3329,17754.666666666664,1109.6666666666665,110.96666666666665
604,3333,17776.0,1111.0,111.1
605,3333,17776.0,1111.0,111.1
606,3335,17786.666666666664,1111.6666666666665,111.16666666666666
607,3336,17792.0,1112.0,111.20000000000002
608,3343,17829.333333333336,1114.3333333333335,111.43333333333334
609,3346,17845.333333333332,1115.3333333333333,111.53333333333333
610,3348,17856.0,1116.0,111.60000000000001
611,3351,17872.0,1117.0,111.7
612,3353,17882.666666666664,1117.6666666666665,111.76666666666665
613,3356,17898.666666666668,1118.6666666666667,111.86666666666667
614,3357,17904.0,1119.0,111.9
615,3358,17909.333333333332,1119.3333333333333,111.93333333333332
616,3360,17920.0,1120.0,112.00000000000001
617,3366,17952.0,1122.0,112.20000000000002
618,3375,18000.0,1125.0,112.5
619,3377,18010.666666666664,1125.6666666666665,112.56666666666666
620,3382,18037.333333333332,1127.3333333333333,112.73333333333333
621,3394,18101.333333333332,1131.3333333333333,113.13333333333333
622,3394,18101.333333333332,1131.3333333333333,113.13333333333333
623,3394,18101.333333333332,1131.3333333333333,113.13333333333333
624,3400,18133.333333333332,1133.3333333333333,113.33333333333333
625,3402,18144.0,1134.0,113.39999999999999
626,3407,18170.666666666664,1135.6666666666665,113.56666666666666
627,3416,18218.666666666668,1138.6666666666667,113.86666666666667
628,3416,18218.666666666668,1138.6666666666667,113.86666666666667
629,3417,18224.0,1139.0,113.9
630,3420,18240.0,1140.0,113.99999999999999
631,3422,18250.666666666668,1140.6666666666667,114.06666666666668
632,3428,18282.666666666668,1142.6666666666667,114.26666666666667
633,3439,18341.333333333336,1146.3333333333335,114.63333333333334
634,3441,18352.0,1147.0,114.7
635,3443,18362.666666666664,1147.6666666666665,114.76666666666667
636,3452,18410.666666666668,1150.6666666666667,115.06666666666668
637,3453,18416.0,1151.0,115.10000000000001
638,3454,18421.333333333332,1151.3333333333333,115.13333333333333
639,3454,18421.333333333332,1151.3333333333333,115.13333333333333
640,3457,18437.333333333336,1152.3333333333335,115.23333333333335
641,3462,18464.0,1154.0,115.39999999999999
642,3465,18480.0,1155.0,115.5
643,3468,18496.0,1156.0,115.6
644,3472,18517.333333333332,1157.3333333333333,115.73333333333333
645,3475,18533.333333333336,1158.3333333333335,115.83333333333334
646,3478,18549.333333333332,1159.3333333333333,115.93333333333334
647,3484,18581.333333333332,1161.3333333333333,116.13333333333333
648,3484,18581.333333333332,1161.3333333333333,116.13333333333333
649,3497,18650.666666666664,1165.6666666666665,116.56666666666666
650,3499,18661.333333333336,1166.3333333333335,116.63333333333334
651,3499,18661.333333333336,1166.3333333333335,116.63333333333334
652,3499,18661.333333333336,1166.3333333333335,116.63333333333334
653,3503,18682.666666666668,1167.6666666666667,116.76666666666667
654,3504,18688.0,1168.0,116.8
655,3508,18709.333333333332,1169.3333333333333,116.93333333333334
656,3510,18720.0,1170.0,117.0
657,3510,18720.0,1170.0,117.0
658,3511,18725.333333333332,1170.3333333333333,117.03333333333332
659,3513,18736.0,1171.0,117.10000000000001
660,3515,18746.666666666668,1171.6666666666667,117.16666666666666
661,3523,18789.333333333332,1174.3333333333333,117.43333333333332
662,3530,18826.666666666668,1176.6666666666667,117.66666666666667
663,3532,18837.333333333332,1177.3333333333333,117.73333333333333
664,3534,18848.0,1178.0,117.8
665,3536,18858.666666666668,1178.6666666666667,117.86666666666667
666,3541,18885.333333333332,1180.3333333333333,118.03333333333332
667,3541,18885.333333333332,1180.3333333333333,118.03333333333332
668,3541,18885.333333333332,1180.3333333333333,118.03333333333332
669,3549,18928.0,1183.0,118.30000000000001
670,3550,18933.333333333332,1183.3333333333333,118.33333333333333
671,3554,18954.666666666668,1184.6666666666667,118.46666666666667
672,3558,18976.0,1186.0,118.6
673,3567,19024.0,1189.0,118.9
674,3573,19056.0,1191.0,119.10000000000001
675,3586,19125.333333333332,1195.3333333333333,119.53333333333333
676,3587,19130.666666666668,1195.6666666666667,119.56666666666666
677,3587,19130.666666666668,1195.6666666666667,119.56666666666666
678,3600,19200.0,1200.0,120.0
679,3604,19221.333333333332,1201.3333333333333,120.13333333333334
680,3609,19248.0,1203.0,120.30000000000001
681,3611,19258.666666666668,1203.6666666666667,120.36666666666666
682,3612,19264.0,1204.0,120.39999999999999
683,3614,19274.666666666668,1204.6666666666667,120.46666666666668
684,3617,19290.666666666668,1205.6666666666667,120.56666666666666
685,3623,19322.666666666668,1207.6666666666667,120.76666666666667
686,3625,19333.333333333332,1208.3333333333333,120.83333333333333
687,3626,19338.666666666664,1208.6666666666665,120.86666666666666
688,3626,19338.666666666664,1208.6666666666665,120.86666666666666
689,3627,19344.0,1209.0,120.9
690,3632,19370.666666666664,1210.6666666666665,121.06666666666666
691,3640,19413.333333333336,1213.3333333333335,121.33333333333334
692,3647,19450.666666666668,1215.6666666666667,121.56666666666666
693,3649,19461.333333333332,1216.3333333333333,121.63333333333333
694,3653,19482.666666666668,1217.6666666666667,121.76666666666667
695,3654,19488.0,1218.0,121.8
696,3655,19493.333333333332,1218.3333333333333,121.83333333333333
697,3657,19504.0,1219.0,121.9
698,3658,19509.333333333336,1219.3333333333335,121.93333333333334
699,3682,19637.333333333336,1227.3333333333335,122.73333333333333
700,3687,19664.0,1229.0,122.9
701,3696,19712.0,1232.0,123.2
702,3696,19712.0,1232.0,123.2
703,3700,19733.333333333336,1233.3333333333335,123.33333333333334
704,3702,19744.0,1234.0,123.4
705,3710,19786.666666666664,1236.6666666666665,123.66666666666666
706,3719,19834.666666666668,1239.6666666666667,123.96666666666667
707,3721,19845.333333333332,1240.3333333333333,124.03333333333333
708,3724,19861.333333333336,1241.3333333333335,124.13333333333334
709,3729,19888.0,1243.0,124.30000000000001
710,3730,19893.333333333336,1243.3333333333335,124.33333333333334
711,3731,19898.666666666668,1243.6666666666667,124.36666666666667
712,3736,19925.333333333336,1245.3333333333335,124.53333333333335
713,3736,19925.333333333336,1245.3333333333335,124.53333333333335
714,3741,19952.0,1247.0,124.70000000000002
715,3745,19973.333333333332,1248.3333333333333,124.83333333333333
716,3747,19984.0,1249.0,124.9
717,3749,19994.666666666668,1249.6666666666667,124.96666666666667
718,3755,20026.666666666668,1251.6666666666667,125.16666666666667
719,3758,20042.666666666664,1252.6666666666665,125.26666666666667
720,3759,20048.0,1253.0,125.29999999999998
721,3759,20048.0,1253.0,125.29999999999998
722,3760,20053.333333333336,1253.3333333333335,125.33333333333334
723,3769,20101.333333333332,1256.3333333333333,125.63333333333333
724,3774,20128.0,1258.0,125.8
725,3775,20133.333333333332,1258.3333333333333,125.83333333333333
726,3777,20144.0,1259.0,125.89999999999999
727,3777,20144.0,1259.0,125.89999999999999
728,3782,20170.666666666664,1260.6666666666665,126.06666666666666
729,3794,20234.666666666664,1264.6666666666665,126.46666666666665
730,3795,20240.0,1265.0,126.49999999999999
731,3805,20293.333333333332,1268.3333333333333,126.83333333333333
732,3807,20304.0,1269.0,126.89999999999999
733,3814,20341.333333333336,1271.3333333333335,127.13333333333334
734,3822,20384.0,1274.0,127.4
735,3822,20384.0,1274.0,127.4
736,3828,20416.0,1276.0,127.60000000000001
737,3829,20421.333333333332,1276.3333333333333,127.63333333333333
738,3829,20421.333333333332,1276.3333333333333,127.63333333333333
739,3829,20421.333333333332,1276.3333333333333,127.63333333333333
740,3838,20469.333333333336,1279.3333333333335,127.93333333333334
741,3845,20506.666666666668,1281.6666666666667,128.16666666666669
742,3848,20522.666666666664,1282.6666666666665,128.26666666666665
743,3854,20554.666666666664,1284.6666666666665,128.46666666666667
744,3859,20581.333333333332,1286.3333333333333,128.63333333333333
745,3864,20608.0,1288.0,128.8
746,3865,20613.333333333332,1288.3333333333333,128.83333333333334
747,3866,20618.666666666664,1288.6666666666665,128.86666666666667
748,3868,20629.333333333336,1289.3333333333335,128.93333333333334
749,3870,20640.0,1290.0,129.0
750,3871,20645.333333333332,1290.3333333333333,129.03333333333333
751,3882,20704.0,1294.0,129.4
752,3891,20752.0,1297.0,129.7
753,3899,20794.666666666668,1299.6666666666667,129.96666666666667
754,3906,20832.0,1302.0,130.20000000000002
755,3913,20869.333333333332,1304.3333333333333,130.43333333333334
756,3918,20896.0,1306.0,130.6
757,3923,20922.666666666668,1307.6666666666667,130.76666666666668
758,3926,20938.666666666668,1308.6666666666667,130.86666666666667
759,3934,20981.333333333332,1311.3333333333333,131.13333333333333
760,3935,20986.666666666668,1311.6666666666667,131.16666666666669
761,3937,20997.333333333332,1312.3333333333333,131.23333333333335
762,3941,21018.666666666668,1313.6666666666667,131.36666666666667
763,3950,21066.666666666668,1316.6666666666667,131.66666666666666
764,3952,21077.333333333332,1317.3333333333333,131.73333333333332
765,3954,21088.0,1318.0,131.8
766,3954,21088.0,1318.0,131.8
767,3957,21104.0,1319.0,131.9
768,3962,21130.666666666668,1320.6666666666667,132.06666666666666
769,3967,21157.333333333332,1322.3333333333333,132.23333333333335
770,3967,21157.333333333332,1322.3333333333333,132.23333333333335
771,3979,21221.333333333332,1326.3333333333333,132.63333333333333
772,3979,21221.333333333332,1326.3333333333333,132.63333333333333
773,3980,21226.666666666668,1326.6666666666667,132.66666666666666
774,3981,21232.0,1327.0,132.7
775,3981,21232.0,1327.0,132.7
776,3982,21237.333333333332,1327.3333333333333,132.73333333333332
777,3982,21237.333333333332,1327.3333333333333,132.73333333333332
778,3985,21253.333333333332,1328.3333333333333,132.83333333333334
779,3985,21253.333333333332,1328.3333333333333,132.83333333333334
780,3993,21296.0,1331.0,133.1
781,3999,21328.0,1333.0,133.29999999999998
782,4016,21418.666666666668,1338.6666666666667,133.86666666666667
783,4027,21477.333333333336,1342.3333333333335,134.23333333333335
784,4031,21498.666666666664,1343.6666666666665,134.36666666666665
785,4042,21557.333333333332,1347.3333333333333,134.73333333333332
786,4050,21600.0,1350.0,135.0
787,4054,21621.333333333332,1351.3333333333333,135.13333333333333
788,4055,21626.666666666664,1351.6666666666665,135.16666666666666
789,4055,21626.666666666664,1351.6666666666665,135.16666666666666
790,4056,21632.0,1352.0,135.20000000000002
791,4060,21653.333333333332,1353.3333333333333,135.33333333333331
792,4063,21669.333333333336,1354.3333333333335,135.43333333333334
793,4071,21712.0,1357.0,135.7
794,4072,21717.333333333332,1357.3333333333333,135.73333333333332
795,4082,21770.666666666668,1360.6666666666667,136.06666666666666
796,4085,21786.666666666664,1361.6666666666665,136.16666666666666
797,4096,21845.333333333332,1365.3333333333333,136.53333333333333
798,4100,21866.666666666668,1366.6666666666667,136.66666666666666
799,4105,21893.333333333336,1368.3333333333335,136.83333333333334
800,4107,21904.0,1369.0,136.9
801,4107,21904.0,1369.0,136.9
802,4110,21920.0,1370.0,137.0
803,4111,21925.333333333336,1370.3333333333335,137.03333333333333
804,4113,21936.0,1371.0,137.1
805,4127,22010.666666666664,1375.6666666666665,137.56666666666666
806,4137,22064.0,1379.0,137.9
807,4140,22080.0,1380.0,138.0
808,4141,22085.333333333336,1380.3333333333335,138.03333333333333
809,4141,22085.333333333336,1380.3333333333335,138.03333333333333
810,4148,22122.666666666668,1382.6666666666667,138.26666666666668
811,4149,22128.0,1383.0,138.3
812,4150,22133.333333333332,1383.3333333333333,138.33333333333334
813,4155,22160.0,1385.0,138.5
814,4167,22224.0,1389.0,138.9
815,4167,22224.0,1389.0,138.9
816,4167,22224.0,1389.0,138.9
817,4173,22256.0,1391.0,139.1
818,4173,22256.0,1391.0,139.1
819,4180,22293.333333333332,1393.3333333333333,139.33333333333334
820,4182,22304.0,1394.0,139.39999999999998
821,4188,22336.0,1396.0,139.6
822,4194,22368.0,1398.0,139.79999999999998
823,4200,22400.0,1400.0,140.0
824,4216,22485.333333333332,1405.3333333333333,140.53333333333333
825,4224,22528.0,1408.0,140.79999999999998
826,4227,22544.0,1409.0,140.9
827,4229,22554.666666666664,1409.6666666666665,140.96666666666667
828,4229,22554.666666666664,1409.6666666666665,140.96666666666667
829,4241,22618.666666666664,1413.6666666666665,141.36666666666667
830,4242,22624.0,1414.0,141.4
831,4242,22624.0,1414.0,141.4
832,4243,22629.333333333336,1414.3333333333335,141.43333333333334
833,4244,22634.666666666668,1414.6666666666667,141.46666666666667
834,4244,22634.666666666668,1414.6666666666667,141.46666666666667
835,4249,22661.333333333336,1416.3333333333335,141.63333333333335
836,4259,22714.666666666668,1419.6666666666667,141.96666666666667
837,4259,22714.666666666668,1419.6666666666667,141.96666666666667
838,4272,22784.0,1424.0,142.4
839,4277,22810.666666666668,1425.6666666666667,142.56666666666666
840,4280,22826.666666666668,1426.6666666666667,142.66666666666669
841,4280,22826.666666666668,1426.6666666666667,142.66666666666669
842,4281,22832.0,1427.0,142.70000000000002
843,4298,22922.666666666668,1432.6666666666667,143.26666666666668
844,4299,22928.0,1433.0,143.3
845,4302,22944.0,1434.0,143.4
846,4302,22944.0,1434.0,143.4
847,4306,22965.333333333332,1435.3333333333333,143.53333333333333
848,4306,22965.333333333332,1435.3333333333333,143.53333333333333
849,4306,22965.333333333332,1435.3333333333333,143.53333333333333
850,4310,22986.666666666668,1436.6666666666667,143.66666666666669
851,4311,22992.0,1437.0,143.70000000000002
852,4314,23008.0,1438.0,143.79999999999998
853,4327,23077.333333333332,1442.3333333333333,144.23333333333332
854,4330,23093.333333333332,1443.3333333333333,144.33333333333334
855,4366,23285.333333333332,1455.3333333333333,145.53333333333333
856,4367,23290.666666666668,1455.6666666666667,145.56666666666666
857,4368,23296.0,1456.0,145.6
858,4372,23317.333333333332,1457.3333333333333,145.73333333333335
859,4385,23386.666666666668,1461.6666666666667,146.16666666666666
860,4386,23392.0,1462.0,146.2
861,4388,23402.666666666664,1462.6666666666665,146.26666666666665
862,4393,23429.333333333332,1464.3333333333333,146.43333333333334
863,4406,23498.666666666664,1468.6666666666665,146.86666666666665
864,4408,23509.333333333336,1469.3333333333335,146.93333333333334
865,4413,23536.0,1471.0,147.10000000000002
866,4414,23541.333333333336,1471.3333333333335,147.13333333333333
867,4418,23562.666666666664,1472.6666666666665,147.26666666666665
868,4422,23584.0,1474.0,147.4
869,4423,23589.333333333332,1474.3333333333333,147.43333333333334
870,4438,23669.333333333336,1479.3333333333335,147.93333333333334
871,4439,23674.666666666668,1479.6666666666667,147.96666666666667
872,4445,23706.666666666668,1481.6666666666667,148.16666666666666
873,4448,23722.666666666664,1482.6666666666665,148.26666666666665
874,4450,23733.333333333336,1483.3333333333335,148.33333333333334
875,4452,23744.0,1484.0,148.4
876,4454,23754.666666666664,1484.6666666666665,148.46666666666667
877,4464,23808.0,1488.0,148.8
878,4468,23829.333333333336,1489.3333333333335,148.93333333333334
879,4468,23829.333333333336,1489.3333333333335,148.93333333333334
880,4480,23893.333333333336,1493.3333333333335,149.33333333333334
881,4483,23909.333333333332,1494.3333333333333,149.43333333333334
882,4487,23930.666666666668,1495.6666666666667,149.56666666666666
883,4494,23968.0,1498.0,149.8
884,4504,24021.333333333336,1501.3333333333335,150.13333333333335
885,4505,24026.666666666668,1501.6666666666667,150.16666666666666
886,4516,24085.333333333336,1505.3333333333335,150.53333333333333
887,4533,24176.0,1511.0,151.1
888,4534,24181.333333333336,1511.3333333333335,151.13333333333335
889,4535,24186.666666666668,1511.6666666666667,151.16666666666669
890,4537,24197.333333333332,1512.3333333333333,151.23333333333332
891,4541,24218.666666666668,1513.6666666666667,151.36666666666667
892,4548,24256.0,1516.0,151.6
893,4553,24282.666666666668,1517.6666666666667,151.76666666666668
894,4563,24336.0,1521.0,152.1
895,4588,24469.333333333336,1529.3333333333335,152.93333333333334
896,4607,24570.666666666668,1535.6666666666667,153.56666666666666
897,4611,24592.0,1537.0,153.7
898,4647,24784.0,1549.0,154.9
899,4652,24810.666666666668,1550.6666666666667,155.06666666666666
900,4653,24816.0,1551.0,155.1
901,4655,24826.666666666668,1551.6666666666667,155.16666666666669
902,4690,25013.333333333332,1563.3333333333333,156.33333333333331
903,4709,25114.666666666668,1569.6666666666667,156.96666666666667
904,4715,25146.666666666668,1571.6666666666667,157.16666666666669
905,4720,25173.333333333332,1573.3333333333333,157.33333333333331
906,4740,25280.0,1580.0,158.0
907,4752,25344.0,1584.0,158.4
908,4753,25349.333333333336,1584.3333333333335,158.43333333333334
909,4760,25386.666666666668,1586.6666666666667,158.66666666666666
910,4776,25472.0,1592.0,159.20000000000002
911,4785,25520.0,1595.0,159.5
912,4789,25541.333333333336,1596.3333333333335,159.63333333333333
913,4792,25557.333333333332,1597.3333333333333,159.73333333333332
914,4794,25568.0,1598.0,159.8
915,4796,25578.666666666668,1598.6666666666667,159.86666666666667
916,4805,25626.666666666664,1601.6666666666665,160.16666666666666
917,4805,25626.666666666664,1601.6666666666665,160.16666666666666
918,4809,25648.0,1603.0,160.3
919,4812,25664.0,1604.0,160.4
920,4815,25680.0,1605.0,160.5
921,4816,25685.333333333332,1605.3333333333333,160.53333333333333
922,4825,25733.333333333336,1608.3333333333335,160.83333333333334
923,4835,25786.666666666664,1611.6666666666665,161.16666666666666
924,4842,25824.0,1614.0,161.4
925,4844,25834.666666666668,1614.6666666666667,161.46666666666667
926,4846,25845.333333333332,1615.3333333333333,161.53333333333333
927,4847,25850.666666666664,1615.6666666666665,161.56666666666666
928,4857,25904.0,1619.0,161.9
929,4860,25920.0,1620.0,162.0
930,4898,26122.666666666668,1632.6666666666667,163.26666666666668
931,4922,26250.666666666668,1640.6666666666667,164.06666666666666
932,4933,26309.333333333336,1644.3333333333335,164.43333333333334
933,4934,26314.666666666668,1644.6666666666667,164.46666666666667
934,4938,26336.0,1646.0,164.6
935,4949,26394.666666666664,1649.6666666666665,164.96666666666667
936,4953,26416.0,1651.0,165.1
937,4954,26421.333333333332,1651.3333333333333,165.13333333333333
938,4959,26448.0,1653.0,165.3
939,4966,26485.333333333332,1655.3333333333333,165.53333333333333
940,4975,26533.333333333336,1658.3333333333335,165.83333333333334
941,5012,26730.666666666668,1670.6666666666667,167.06666666666666
942,5013,26736.0,1671.0,167.1
943,5019,26768.0,1673.0,167.3
944,5050,26933.333333333332,1683.3333333333333,168.33333333333334
945,5055,26960.0,1685.0,168.5
946,5079,27088.0,1693.0,169.3
947,5084,27114.666666666668,1694.6666666666667,169.46666666666667
948,5090,27146.666666666668,1696.6666666666667,169.66666666666669
949,5140,27413.333333333336,1713.3333333333335,171.33333333333334
950,5141,27418.666666666668,1713.6666666666667,171.36666666666667
951,5172,27584.0,1724.0,172.4
952,5174,27594.666666666664,1724.6666666666665,172.46666666666667
953,5189,27674.666666666668,1729.6666666666667,172.96666666666667
954,5202,27744.0,1734.0,173.4
955,5219,27834.666666666668,1739.6666666666667,173.96666666666667
956,5220,27840.0,1740.0,174.0
957,5221,27845.333333333332,1740.3333333333333,174.03333333333333
958,5224,27861.333333333336,1741.3333333333335,174.13333333333333
959,5225,27866.666666666668,1741.6666666666667,174.16666666666666
960,5237,27930.666666666668,1745.6666666666667,174.56666666666666
961,5260,28053.333333333336,1753.3333333333335,175.33333333333334
962,5262,28064.0,1754.0,175.4
963,5268,28096.0,1756.0,175.6
964,5274,28128.0,1758.0,175.8
965,5286,28192.0,1762.0,176.2
966,5299,28261.333333333332,1766.3333333333333,176.63333333333333
967,5307,28304.0,1769.0,176.89999999999998
968,5311,28325.333333333332,1770.3333333333333,177.03333333333333
969,5321,28378.666666666668,1773.6666666666667,177.36666666666667
970,5326,28405.333333333336,1775.3333333333335,177.53333333333333
971,5327,28410.666666666668,1775.6666666666667,177.56666666666666
972,5334,28448.0,1778.0,177.8
973,5334,28448.0,1778.0,177.8
974,5377,28677.333333333332,1792.3333333333333,179.23333333333332
975,5412,28864.0,1804.0,180.4
976,5417,28890.666666666668,1805.6666666666667,180.56666666666666
977,5433,28976.0,1811.0,181.1
978,5440,29013.333333333332,1813.3333333333333,181.33333333333331
979,5443,29029.333333333332,1814.3333333333333,181.43333333333334
980,5448,29056.0,1816.0,181.6
981,5458,29109.333333333332,1819.3333333333333,181.93333333333334
982,5460,29120.0,1820.0,182.0
983,5460,29120.0,1820.0,182.0
984,5480,29226.666666666668,1826.6666666666667,182.66666666666666
985,5525,29466.666666666664,1841.6666666666665,184.16666666666666
986,5553,29616.0,1851.0,185.1
987,5579,29754.666666666664,1859.6666666666665,185.96666666666667
988,5651,30138.666666666664,1883.6666666666665,188.36666666666667
989,5653,30149.333333333336,1884.3333333333335,188.43333333333334
990,5661,30192.0,1887.0,188.7
991,5759,30714.666666666668,1919.6666666666667,191.96666666666667
992,5921,31578.666666666668,1973.6666666666667,197.36666666666667
993,6022,32117.333333333336,2007.3333333333335,200.73333333333335
994,6044,32234.666666666668,2014.6666666666667,201.4666666666667
995,6081,32432.000000000004,2027.0000000000002,202.70000000000002
996,6279,33488.0,2093.0,209.3
997,6312,33664.0,2104.0,210.4
998,6346,33845.333333333336,2115.3333333333335,211.53333333333336
999,6656,35498.666666666664,2218.6666666666665,221.86666666666665
